device_class,mac_str,req_list,vendor
pc,4e:6f:6e:ba:d6:c8,"15,24,6,2,9,24,9,19,10",none
mobile,47:65:6e:11:f3:39,"16,5,23,4,20,24,8,15,24,9",generic
pc,4e:6f:6e:81:44:c9,"15,24,6,2,9,24,9,19,10,8",none
mobile,41:70:70:f0:84:b9,"4,15,16",apple
mobile,41:70:70:3f:99:38,"4,15,16",apple
pc,4e:6f:6e:1c:ca:41,"15,24,6,2,9,24,9,19,10,8,14,24",none
pc,4e:6f:6e:cd:f4:20,"15,24,6,2,9,24,9,19,10,8",none
pc,4e:6f:6e:69:54:82,"15,24,6,2,9,24,9,19,10,8,14,24",none
pc,4e:6f:6e:b9:7e:de,"15,24,6,2,9,24,9,19,10",none
pc,4e:6f:6e:2c:4f:52,"15,24,6,2,9,24,9",none
pc,4e:6f:6e:96:c4:92,"15,24,6,2,9,24,9,19,10,8",none
pc,4e:6f:6e:cc:78:6f,"15,24,6,2,9,24,9,19,10",none
pc,4e:6f:6e:af:99:cd,"15,24,6,2,9,24,9,19,10,8,14,24",none
pc,4e:6f:6e:91:4c:54,"15,24,6,2,9,24,9,19,10",none
pc,4e:6f:6e:77:51:ef,"15,24,6,2,9,24,9,19,10",none
pc,4e:6f:6e:9a:1e:c5,"15,24,6,2,9,24,9,19,10,8",none
pc,4e:6f:6e:e3:9e:ec,"15,24,6,2,9,24,9,19,10",none
pc,4e:6f:6e:bf:e3:26,"15,24,6,2,9,24,9,19,10",none
mobile,41:70:70:dc:2d:32,"4,15,16",apple
mobile,47:65:6e:4d:b2:d7,"16,5,23,4,20,24,8,15,24,9",generic
pc,4e:6f:6e:c9:5f:e9,"15,24,6,2,9,24,9,19,10,8",none
pc,4e:6f:6e:41:44:da,"15,24,6,2,9,24,9,19,10,8",none
pc,4e:6f:6e:e0:df:9a,"15,24,6,2,9,24,9,19,10",none
pc,4e:6f:6e:42:fb:b1,"15,24,6,2,9,24,9,19,10,8",none
pc,4e:6f:6e:95:6a:3d,"15,24,6,2,9,24,9",none
pc,4e:6f:6e:23:3b:e2,"15,24,6,2,9,24,9,19,10",none
pc,4e:6f:6e:9b:7c:66,"15,24,6,2,9,24,9,19,10,8",none
pc,4e:6f:6e:11:2a:65,"15,24,6,2,9,24,9,19,10",none
pc,4e:6f:6e:5f:0f:cb,"15,24,6,2,9,24,9,19,10,8,14,24,24,9,5,19",none
pc,4e:6f:6e:0b:29:b5,"15,24,6,2,9,24,9,19,10,8,14,24,24,9,5,19",none
pc,4e:6f:6e:2d:7e:8e,"15,24,6,2,9,24,9,19,10,8",none
mobile,41:70:70:b5:33:60,"4,15,16",apple
pc,4e:6f:6e:5a:bf:5d,"15,24,6,2,9,24,9,19,10,8,14,24",none
pc,4e:6f:6e:74:e5:ff,"15,24,6,2,9,24,9,19,10",none
pc,4e:6f:6e:be:03:56,"15,24,6,2,9,24,9",none
pc,4e:6f:6e:4e:37:62,"15,24,6,2,9,24,9,19,10,8",none
pc,4e:6f:6e:24:21:c5,"15,24,6,2,9,24,9",none
pc,4e:6f:6e:21:c7:c2,"15,24,6,2,9,24,9",none
pc,4e:6f:6e:ce:51:09,"15,24,6,2,9,24,9,19,10",none
pc,4e:6f:6e:65:e1:e0,"15,24,6,2,9,24,9",none
mobile,41:70:70:cd:6e:b9,"4,15,16",apple
pc,4e:6f:6e:75:e4:e5,"15,24,6,2,9,24,9,19,10,8,14,24,24,9,5,19",none
pc,4e:6f:6e:75:76:83,"15,24,6,2,9,24,9,19,10,8,14,24",none
pc,4e:6f:6e:18:a8:87,"15,24,6,2,9,24,9,19,10,8,14,24,24,9,5,19",none
pc,4e:6f:6e:01:a0:a8,"15,24,6,2,9,24,9,19,10",none
pc,4e:6f:6e:38:6b:82,"15,24,6,2,9,24,9,19,10,8,14,24",none
pc,4e:6f:6e:16:94:3c,"15,24,6,2,9,24,9",none
pc,4e:6f:6e:d8:82:2c,"15,24,6,2,9,24,9,19,10,8,14,24",none
mobile,41:70:70:5c:91:70,"4,15,16",apple
pc,4e:6f:6e:a0:40:a3,"15,24,6,2,9,24,9,19,10",none
pc,4e:6f:6e:92:20:e3,"15,24,6,2,9,24,9,19,10",none
pc,4e:6f:6e:ba:5f:c9,"15,24,6,2,9,24,9,19,10,8",none
pc,4e:6f:6e:a5:3c:2e,"15,24,6,2,9,24,9,19,10",none
pc,4e:6f:6e:69:a6:81,"15,24,6,2,9,24,9",none
pc,4e:6f:6e:26:68:67,"15,24,6,2,9,24,9,19,10,8",none
mobile,41:70:70:c2:69:c7,"4,15,16",apple
pc,4e:6f:6e:01:a9:ad,"15,24,6,2,9,24,9",none
pc,4e:6f:6e:fb:03:8a,"15,24,6,2,9,24,9",none
pc,4e:6f:6e:93:ea:0e,"15,24,6,2,9,24,9,19,10",none
other,4e:6f:6e:ac:0d:bf,"15,24,6,2,9,24,9,19,10,8",none
pc,4e:6f:6e:09:96:24,"15,24,6,2,9,24,9,19,10,8",none
pc,4e:6f:6e:cb:43:ac,"15,24,6,2,9,24,9,19,10,8",none
pc,4e:6f:6e:34:d5:64,"15,24,6,2,9,24,9",none
mobile,47:65:6e:16:0d:8a,"16,5,23,4,20,24,8,15,24,9",generic
pc,4e:6f:6e:76:06:be,"15,24,6,2,9,24,9,19,10,8",none
pc,4e:6f:6e:9b:7b:46,"15,24,6,2,9,24,9,19,10,8",none
other,4e:6f:6e:a8:61:43,"15,24,6,2,9,24,9,19,10,8",none
pc,4e:6f:6e:29:28:2e,"15,24,6,2,9,24,9,19,10,8",none
pc,4e:6f:6e:fb:68:65,"15,24,6,2,9,24,9,19,10,8,14,24",none
pc,4e:6f:6e:a4:b4:f8,"15,24,6,2,9,24,9,19,10",none
pc,4e:6f:6e:66:09:18,"15,24,6,2,9,24,9,19,10",none
pc,4e:6f:6e:ff:9d:92,"15,24,6,2,9,24,9",none
mobile,47:65:6e:c4:28:f8,"16,5,23,4,20,24,8,15,24,9",generic
pc,4e:6f:6e:18:4d:5b,"15,24,6,2,9,24,9",none
pc,4e:6f:6e:f2:f4:40,"15,24,6,2,9,24,9",none
pc,4e:6f:6e:d7:0e:6b,"15,24,6,2,9,24,9,19,10",none
pc,4e:6f:6e:be:2a:3d,"15,24,6,2,9,24,9,19,10,8",none
pc,4e:6f:6e:f7:48:4e,"15,24,6,2,9,24,9,19,10",none
pc,4e:6f:6e:ed:fe:7f,"15,24,6,2,9,24,9",none
pc,4e:6f:6e:28:4d:11,"15,24,6,2,9,24,9,19,10,8",none
pc,4e:6f:6e:2f:01:2e,"15,24,6,2,9,24,9,19,10,8,14,24,24,9,5,19",none
pc,4e:6f:6e:60:5c:1e,"15,24,6,2,9,24,9,19,10",none
pc,4e:6f:6e:a3:7a:f0,"15,24,6,2,9,24,9,19,10",none
pc,4e:6f:6e:b3:cd:92,"15,24,6,2,9,24,9",none
other,4e:6f:6e:ed:77:33,"15,24,6,2,9,24,9,19,10,8",none
pc,4e:6f:6e:fc:e2:db,"15,24,6,2,9,24,9",none
mobile,47:65:6e:a3:05:c6,"16,5,23,4,20,24,8,15,24,9",generic
pc,4e:6f:6e:e5:d0:80,"15,24,6,2,9,24,9,19,10,8,14,24,24,9,5,19",none
pc,4e:6f:6e:8b:d2:a1,"15,24,6,2,9,24,9,19,10,8",none
mobile,47:65:6e:45:6d:a6,"16,5,23,4,20,24,8,15,24,9",generic
other,4e:6f:6e:73:c1:02,"15,24,6,2,9,24,9,19,10,8",none
pc,4e:6f:6e:a9:bd:1a,"15,24,6,2,9,24,9,19,10,8",none
pc,4e:6f:6e:92:54:15,"15,24,6,2,9,24,9,19,10,8,14,24",none
pc,4e:6f:6e:b2:ac:62,"15,24,6,2,9,24,9,19,10,8",none
pc,4e:6f:6e:dd:16:5d,"15,24,6,2,9,24,9,19,10",none
pc,4e:6f:6e:67:3e:bd,"15,24,6,2,9,24,9,19,10",none
pc,4e:6f:6e:71:c9:93,"15,24,6,2,9,24,9,19,10,8",none
pc,4e:6f:6e:9a:90:85,"15,24,6,2,9,24,9,19,10",none
pc,4e:6f:6e:3f:6b:00,"15,24,6,2,9,24,9,19,10",none
pc,4e:6f:6e:d4:02:2d,"15,24,6,2,9,24,9,19,10,8",none
mobile,41:70:70:bc:d5:57,"4,15,16",apple
pc,4e:6f:6e:8d:7e:3e,"15,24,6,2,9,24,9",none
pc,4e:6f:6e:c2:10:58,"15,24,6,2,9,24,9",none
pc,4e:6f:6e:0a:5a:75,"15,24,6,2,9,24,9,19,10",none
mobile,47:65:6e:bf:c3:00,"16,5,23,4,20,24,8,15,24,9",generic
mobile,41:70:70:48:2d:c0,"4,15,16",apple
pc,4e:6f:6e:9d:5c:8f,"15,24,6,2,9,24,9",none
pc,4e:6f:6e:4a:ec:03,"15,24,6,2,9,24,9",none
pc,4e:6f:6e:13:e0:c9,"15,24,6,2,9,24,9",none
pc,4e:6f:6e:3b:fd:d6,"15,24,6,2,9,24,9",none
pc,4e:6f:6e:77:63:9d,"15,24,6,2,9,24,9",none
pc,4e:6f:6e:47:8a:5a,"15,24,6,2,9,24,9,19,10,8,14,24",none
pc,4e:6f:6e:29:83:c7,"15,24,6,2,9,24,9",none
pc,4e:6f:6e:5c:2c:59,"15,24,6,2,9,24,9",none
pc,4e:6f:6e:50:36:23,"15,24,6,2,9,24,9,19,10,8",none
pc,4e:6f:6e:dc:9c:48,"15,24,6,2,9,24,9,19,10,8",none
pc,4e:6f:6e:51:11:37,"15,24,6,2,9,24,9,19,10,8",none
pc,4e:6f:6e:2f:f9:fa,"15,24,6,2,9,24,9,19,10",none
pc,4e:6f:6e:02:66:39,"15,24,6,2,9,24,9,19,10",none
mobile,41:70:70:13:94:c0,"4,15,16",apple
pc,4e:6f:6e:0f:0c:24,"15,24,6,2,9,24,9,19,10,8",none
pc,4e:6f:6e:e4:8c:91,"15,24,6,2,9,24,9,19,10",none
pc,4e:6f:6e:72:c6:41,"15,24,6,2,9,24,9",none
pc,4e:6f:6e:74:e4:d1,"15,24,6,2,9,24,9,19,10,8,14,24,24,9,5,19",none
pc,4e:6f:6e:33:d4:c6,"15,24,6,2,9,24,9,19,10",none
pc,4e:6f:6e:5f:7f:3a,"15,24,6,2,9,24,9,19,10",none
pc,4e:6f:6e:6c:67:70,"15,24,6,2,9,24,9",none
mobile,41:70:70:ff:ce:82,"4,15,16",apple
pc,4e:6f:6e:f0:74:2d,"15,24,6,2,9,24,9,19,10",none
pc,4e:6f:6e:f4:92:c5,"15,24,6,2,9,24,9,19,10,8,14,24",none
pc,4e:6f:6e:d2:4f:a7,"15,24,6,2,9,24,9",none
pc,4e:6f:6e:64:e9:25,"15,24,6,2,9,24,9,19,10,8",none
pc,4e:6f:6e:e2:f5:16,"15,24,6,2,9,24,9",none
pc,4e:6f:6e:25:38:cf,"15,24,6,2,9,24,9",none
pc,4e:6f:6e:89:14:cf,"15,24,6,2,9,24,9",none
pc,4e:6f:6e:84:2e:9c,"15,24,6,2,9,24,9",none
pc,4e:6f:6e:42:29:70,"15,24,6,2,9,24,9",none
pc,4e:6f:6e:17:65:09,"15,24,6,2,9,24,9,19,10,8,14,24,24,9,5,19",none
pc,4e:6f:6e:0f:1e:c7,"15,24,6,2,9,24,9",none
pc,4e:6f:6e:03:0c:04,"15,24,6,2,9,24,9",none
pc,4e:6f:6e:7a:81:f8,"15,24,6,2,9,24,9,19,10,8,14,24,24,9,5,19",none
pc,4e:6f:6e:df:db:1c,"15,24,6,2,9,24,9,19,10",none
pc,4e:6f:6e:b3:63:c8,"15,24,6,2,9,24,9,19,10",none
pc,4e:6f:6e:25:8e:dc,"15,24,6,2,9,24,9,19,10,8,14,24,24,9,5,19",none
pc,4e:6f:6e:9f:be:7e,"15,24,6,2,9,24,9,19,10,8",none
pc,4e:6f:6e:99:b9:74,"15,24,6,2,9,24,9,19,10",none
pc,4e:6f:6e:1f:7f:37,"15,24,6,2,9,24,9,19,10,8,14,24",none
mobile,41:70:70:20:c0:2b,"4,15,16",apple
pc,4e:6f:6e:21:c2:11,"15,24,6,2,9,24,9,19,10,8,14,24",none
pc,4e:6f:6e:16:01:b0,"15,24,6,2,9,24,9,19,10,8",none
mobile,41:70:70:e0:88:a9,"4,15,16",apple
mobile,41:70:70:41:5a:20,"4,15,16",apple
pc,4e:6f:6e:16:ab:bf,"15,24,6,2,9,24,9",none
pc,4e:6f:6e:4c:7f:47,"15,24,6,2,9,24,9,19,10",none
pc,4e:6f:6e:32:a6:5a,"15,24,6,2,9,24,9,19,10,8",none
mobile,41:70:70:c8:b1:e9,"4,15,16",apple
pc,4e:6f:6e:12:97:2e,"15,24,6,2,9,24,9",none
pc,4e:6f:6e:7d:7a:b9,"15,24,6,2,9,24,9,19,10",none
pc,4e:6f:6e:b6:db:97,"15,24,6,2,9,24,9,19,10",none
pc,4e:6f:6e:f3:6b:db,"15,24,6,2,9,24,9",none
pc,4e:6f:6e:0d:bf:13,"15,24,6,2,9,24,9",none
pc,4e:6f:6e:81:cd:9d,"15,24,6,2,9,24,9,19,10",none
pc,4e:6f:6e:4d:a3:4b,"15,24,6,2,9,24,9,19,10,8,14,24",none
pc,4e:6f:6e:6f:62:7b,"15,24,6,2,9,24,9,19,10,8",none
pc,4e:6f:6e:35:ee:e5,"15,24,6,2,9,24,9,19,10,8,14,24,24,9,5,19",none
pc,4e:6f:6e:f8:56:92,"15,24,6,2,9,24,9,19,10,8",none
other,4e:6f:6e:54:ee:07,"15,24,6,2,9,24,9,19,10,8",none
mobile,47:65:6e:b8:2d:76,"16,5,23,4,20,24,8,15,24,9",generic
mobile,41:70:70:24:49:31,"4,15,16",apple
pc,4e:6f:6e:16:7a:ea,"15,24,6,2,9,24,9,19,10",none
pc,4e:6f:6e:85:1c:9e,"15,24,6,2,9,24,9,19,10,8",none
pc,4e:6f:6e:57:6d:b5,"15,24,6,2,9,24,9",none
pc,4e:6f:6e:d4:03:92,"15,24,6,2,9,24,9,19,10,8",none
pc,4e:6f:6e:60:a7:d1,"15,24,6,2,9,24,9",none
pc,4e:6f:6e:dc:e5:c6,"15,24,6,2,9,24,9,19,10",none
mobile,41:70:70:4a:d6:2f,"4,15,16",apple
pc,4e:6f:6e:0f:b6:f9,"15,24,6,2,9,24,9,19,10",none
pc,4e:6f:6e:3b:c9:0b,"15,24,6,2,9,24,9,19,10",none
pc,4e:6f:6e:f7:9a:7a,"15,24,6,2,9,24,9,19,10",none
other,4e:6f:6e:f6:53:b0,"15,24,6,2,9,24,9,19,10,8",none
mobile,41:70:70:b3:04:d4,"4,15,16",apple
other,4e:6f:6e:d5:3d:e7,"15,24,6,2,9,24,9,19,10,8",none
pc,4e:6f:6e:5c:e2:2f,"15,24,6,2,9,24,9,19,10,8",none
pc,4e:6f:6e:9b:ef:ac,"15,24,6,2,9,24,9,19,10,8",none
pc,4e:6f:6e:60:83:64,"15,24,6,2,9,24,9,19,10",none
pc,4e:6f:6e:f2:95:65,"15,24,6,2,9,24,9,19,10",none
pc,4e:6f:6e:35:2a:28,"15,24,6,2,9,24,9,19,10,8",none
pc,4e:6f:6e:74:18:6e,"15,24,6,2,9,24,9,19,10",none
pc,4e:6f:6e:94:a7:0c,"15,24,6,2,9,24,9,19,10",none
mobile,47:65:6e:27:56:45,"16,5,23,4,20,24,8,15,24,9",generic
pc,4e:6f:6e:b8:4e:00,"15,24,6,2,9,24,9,19,10",none
pc,4e:6f:6e:be:3b:e8,"15,24,6,2,9,24,9,19,10",none
pc,4e:6f:6e:1f:ee:fc,"15,24,6,2,9,24,9,19,10,8",none
pc,4e:6f:6e:fb:94:11,"15,24,6,2,9,24,9,19,10",none
mobile,41:70:70:0e:b3:13,"4,15,16",apple
pc,4e:6f:6e:dd:4a:83,"15,24,6,2,9,24,9,19,10,8",none
pc,4e:6f:6e:c8:e6:d2,"15,24,6,2,9,24,9",none
pc,4e:6f:6e:05:08:c4,"15,24,6,2,9,24,9",none
pc,4e:6f:6e:52:ad:b6,"15,24,6,2,9,24,9,19,10",none
pc,4e:6f:6e:43:e9:d2,"15,24,6,2,9,24,9",none
pc,4e:6f:6e:58:ea:33,"15,24,6,2,9,24,9,19,10",none
pc,4e:6f:6e:33:20:7c,"15,24,6,2,9,24,9,19,10",none
pc,4e:6f:6e:d4:07:7b,"15,24,6,2,9,24,9,19,10",none
pc,4e:6f:6e:06:5b:66,"15,24,6,2,9,24,9,19,10,8",none
pc,4e:6f:6e:71:bb:ec,"15,24,6,2,9,24,9,19,10,8,14,24,24,9,5,19",none
pc,4e:6f:6e:66:be:82,"15,24,6,2,9,24,9,19,10",none
pc,4e:6f:6e:2c:4c:42,"15,24,6,2,9,24,9",none
pc,4e:6f:6e:ba:de:97,"15,24,6,2,9,24,9",none
pc,4e:6f:6e:da:e4:95,"15,24,6,2,9,24,9,19,10,8,14,24",none
pc,4e:6f:6e:1a:31:62,"15,24,6,2,9,24,9,19,10",none
pc,4e:6f:6e:55:40:4e,"15,24,6,2,9,24,9,19,10",none
pc,4e:6f:6e:5b:8b:17,"15,24,6,2,9,24,9",none
pc,4e:6f:6e:c1:58:45,"15,24,6,2,9,24,9,19,10",none
mobile,41:70:70:6f:1c:d1,"4,15,16",apple
other,4e:6f:6e:c5:50:77,"15,24,6,2,9,24,9,19,10,8",none
pc,4e:6f:6e:34:08:3e,"15,24,6,2,9,24,9,19,10",none
pc,4e:6f:6e:dd:00:ef,"15,24,6,2,9,24,9,19,10,8,14,24,24,9,5,19",none
pc,4e:6f:6e:3f:9f:70,"15,24,6,2,9,24,9,19,10",none
pc,4e:6f:6e:77:be:db,"15,24,6,2,9,24,9,19,10",none
pc,4e:6f:6e:75:e5:44,"15,24,6,2,9,24,9",none
pc,4e:6f:6e:b5:78:31,"15,24,6,2,9,24,9,19,10",none
pc,4e:6f:6e:fe:23:da,"15,24,6,2,9,24,9,19,10",none
pc,4e:6f:6e:bb:60:0b,"15,24,6,2,9,24,9,19,10",none
pc,4e:6f:6e:77:01:8c,"15,24,6,2,9,24,9,19,10,8",none
mobile,41:70:70:01:44:4a,"4,15,16",apple
pc,4e:6f:6e:01:9d:12,"15,24,6,2,9,24,9,19,10",none
pc,4e:6f:6e:4e:e4:0f,"15,24,6,2,9,24,9,19,10",none
pc,4e:6f:6e:46:0b:24,"15,24,6,2,9,24,9",none
mobile,41:70:70:66:bf:ba,"4,15,16",apple
pc,4e:6f:6e:58:7f:fd,"15,24,6,2,9,24,9,19,10,8",none
pc,4e:6f:6e:12:93:9b,"15,24,6,2,9,24,9,19,10,8,14,24",none
pc,4e:6f:6e:7d:3f:7e,"15,24,6,2,9,24,9,19,10,8",none
pc,4e:6f:6e:2c:b8:b1,"15,24,6,2,9,24,9,19,10",none
pc,4e:6f:6e:dd:b2:eb,"15,24,6,2,9,24,9,19,10,8",none
pc,4e:6f:6e:e9:2b:a1,"15,24,6,2,9,24,9,19,10",none
mobile,41:70:70:41:1e:8b,"4,15,16",apple
pc,4e:6f:6e:a8:e0:55,"15,24,6,2,9,24,9,19,10,8",none
pc,4e:6f:6e:33:41:e3,"15,24,6,2,9,24,9,19,10,8,14,24",none
other,4e:6f:6e:f7:ce:d0,"15,24,6,2,9,24,9,19,10,8",none
pc,4e:6f:6e:88:4c:be,"15,24,6,2,9,24,9,19,10,8",none
pc,4e:6f:6e:43:9a:47,"15,24,6,2,9,24,9",none
mobile,41:70:70:ff:21:91,"4,15,16",apple
pc,4e:6f:6e:a6:cf:50,"15,24,6,2,9,24,9,19,10,8,14,24",none
pc,4e:6f:6e:ee:51:74,"15,24,6,2,9,24,9,19,10",none
pc,4e:6f:6e:e1:35:b7,"15,24,6,2,9,24,9,19,10",none
pc,4e:6f:6e:b0:37:73,"15,24,6,2,9,24,9,19,10",none
pc,4e:6f:6e:b4:06:ef,"15,24,6,2,9,24,9,19,10,8",none
pc,4e:6f:6e:fa:52:d5,"15,24,6,2,9,24,9,19,10",none
other,4e:6f:6e:6b:d1:99,"15,24,6,2,9,24,9,19,10,8",none
pc,4e:6f:6e:62:a1:a3,"15,24,6,2,9,24,9,19,10",none
pc,4e:6f:6e:8f:4a:af,"15,24,6,2,9,24,9,19,10,8,14,24",none
pc,4e:6f:6e:e5:2c:3e,"15,24,6,2,9,24,9,19,10,8,14,24",none
other,4e:6f:6e:5b:d4:8e,"15,24,6,2,9,24,9,19,10,8",none
mobile,41:70:70:29:e0:1e,"4,15,16",apple
pc,4e:6f:6e:bb:26:6d,"15,24,6,2,9,24,9,19,10",none
pc,4e:6f:6e:70:ea:82,"15,24,6,2,9,24,9",none
pc,4e:6f:6e:da:43:c3,"15,24,6,2,9,24,9,19,10",none
pc,4e:6f:6e:f5:18:8c,"15,24,6,2,9,24,9,19,10",none
pc,4e:6f:6e:44:19:5c,"15,24,6,2,9,24,9",none
pc,4e:6f:6e:fe:a7:bd,"15,24,6,2,9,24,9,19,10,8",none
pc,4e:6f:6e:4c:ed:c6,"15,24,6,2,9,24,9,19,10,8",none
pc,4e:6f:6e:67:d7:2a,"15,24,6,2,9,24,9",none
pc,4e:6f:6e:17:ff:43,"15,24,6,2,9,24,9",none
pc,4e:6f:6e:6a:8c:ef,"15,24,6,2,9,24,9,19,10,8",none
pc,4e:6f:6e:23:c5:28,"15,24,6,2,9,24,9,19,10,8,14,24,24,9,5,19",none
pc,4e:6f:6e:33:72:94,"15,24,6,2,9,24,9,19,10,8",none
pc,4e:6f:6e:44:69:47,"15,24,6,2,9,24,9",none
pc,4e:6f:6e:98:56:62,"15,24,6,2,9,24,9",none
pc,4e:6f:6e:8b:2f:c0,"15,24,6,2,9,24,9,19,10",none
pc,4e:6f:6e:90:d4:84,"15,24,6,2,9,24,9,19,10",none
pc,4e:6f:6e:7b:00:18,"15,24,6,2,9,24,9,19,10,8",none
pc,4e:6f:6e:28:43:90,"15,24,6,2,9,24,9",none
pc,4e:6f:6e:f3:a0:8a,"15,24,6,2,9,24,9,19,10",none
pc,4e:6f:6e:ca:b7:65,"15,24,6,2,9,24,9",none
pc,4e:6f:6e:a4:85:3d,"15,24,6,2,9,24,9,19,10,8",none
pc,4e:6f:6e:ff:97:5d,"15,24,6,2,9,24,9",none
pc,4e:6f:6e:1c:0b:da,"15,24,6,2,9,24,9,19,10,8,14,24",none
pc,4e:6f:6e:10:fe:5e,"15,24,6,2,9,24,9",none
pc,4e:6f:6e:46:d5:66,"15,24,6,2,9,24,9,19,10",none
pc,4e:6f:6e:14:18:97,"15,24,6,2,9,24,9,19,10,8,14,24",none
mobile,47:65:6e:7f:2b:7b,"16,5,23,4,20,24,8,15,24,9",generic
pc,4e:6f:6e:c7:5e:c0,"15,24,6,2,9,24,9,19,10,8,14,24,24,9,5,19",none
pc,4e:6f:6e:83:7a:82,"15,24,6,2,9,24,9,19,10",none
pc,4e:6f:6e:60:cb:61,"15,24,6,2,9,24,9",none
pc,4e:6f:6e:45:db:9d,"15,24,6,2,9,24,9,19,10",none
pc,4e:6f:6e:3e:5d:c4,"15,24,6,2,9,24,9,19,10",none
pc,4e:6f:6e:62:7e:06,"15,24,6,2,9,24,9,19,10,8,14,24",none
other,4e:6f:6e:e1:5f:45,"15,24,6,2,9,24,9,19,10,8",none
pc,4e:6f:6e:52:f5:5c,"15,24,6,2,9,24,9,19,10",none
pc,4e:6f:6e:04:59:c1,"15,24,6,2,9,24,9",none
pc,4e:6f:6e:e3:34:5c,"15,24,6,2,9,24,9,19,10,8,14,24",none
pc,4e:6f:6e:09:f6:0f,"15,24,6,2,9,24,9",none
pc,4e:6f:6e:84:d6:63,"15,24,6,2,9,24,9,19,10,8",none
pc,4e:6f:6e:70:1a:92,"15,24,6,2,9,24,9,19,10,8,14,24",none
pc,4e:6f:6e:19:f4:8d,"15,24,6,2,9,24,9,19,10",none
pc,4e:6f:6e:0f:49:b3,"15,24,6,2,9,24,9,19,10,8",none
pc,4e:6f:6e:dc:1f:c5,"15,24,6,2,9,24,9",none
pc,4e:6f:6e:92:b9:11,"15,24,6,2,9,24,9,19,10",none
pc,4e:6f:6e:4c:66:3d,"15,24,6,2,9,24,9,19,10",none
pc,4e:6f:6e:b0:06:56,"15,24,6,2,9,24,9",none
pc,4e:6f:6e:b6:92:f3,"15,24,6,2,9,24,9,19,10",none
pc,4e:6f:6e:82:83:24,"15,24,6,2,9,24,9,19,10",none
pc,4e:6f:6e:a1:06:fa,"15,24,6,2,9,24,9,19,10",none
pc,4e:6f:6e:17:3c:b5,"15,24,6,2,9,24,9,19,10,8,14,24",none
pc,4e:6f:6e:9a:a4:19,"15,24,6,2,9,24,9,19,10",none
other,4e:6f:6e:2c:1a:bb,"15,24,6,2,9,24,9,19,10,8",none
pc,4e:6f:6e:76:c3:5b,"15,24,6,2,9,24,9,19,10",none
pc,4e:6f:6e:c6:5e:ec,"15,24,6,2,9,24,9",none
pc,4e:6f:6e:e7:b5:66,"15,24,6,2,9,24,9,19,10",none
pc,4e:6f:6e:08:9e:a1,"15,24,6,2,9,24,9",none
pc,4e:6f:6e:5e:bc:47,"15,24,6,2,9,24,9",none
pc,4e:6f:6e:43:cc:47,"15,24,6,2,9,24,9",none
pc,4e:6f:6e:51:2d:aa,"15,24,6,2,9,24,9",none
pc,4e:6f:6e:d2:6b:bc,"15,24,6,2,9,24,9,19,10,8,14,24",none
pc,4e:6f:6e:09:df:f2,"15,24,6,2,9,24,9",none
pc,4e:6f:6e:e7:b3:50,"15,24,6,2,9,24,9,19,10,8,14,24",none
pc,4e:6f:6e:93:5d:a7,"15,24,6,2,9,24,9,19,10,8",none
pc,4e:6f:6e:89:0b:fb,"15,24,6,2,9,24,9,19,10",none
pc,4e:6f:6e:cb:8a:65,"15,24,6,2,9,24,9,19,10,8,14,24",none
pc,4e:6f:6e:cf:2f:f7,"15,24,6,2,9,24,9,19,10",none
pc,4e:6f:6e:3d:3c:21,"15,24,6,2,9,24,9,19,10,8,14,24",none
pc,4e:6f:6e:2d:b5:10,"15,24,6,2,9,24,9,19,10,8",none
pc,4e:6f:6e:8c:40:ac,"15,24,6,2,9,24,9",none
pc,4e:6f:6e:df:eb:ce,"15,24,6,2,9,24,9,19,10,8",none
pc,4e:6f:6e:42:01:e4,"15,24,6,2,9,24,9,19,10",none
pc,4e:6f:6e:f3:5e:d7,"15,24,6,2,9,24,9",none
pc,4e:6f:6e:02:4b:a1,"15,24,6,2,9,24,9,19,10,8,14,24",none
pc,4e:6f:6e:e6:fa:99,"15,24,6,2,9,24,9,19,10,8,14,24",none
mobile,47:65:6e:25:2f:07,"16,5,23,4,20,24,8,15,24,9",generic
mobile,41:70:70:f2:8a:b9,"4,15,16",apple
pc,4e:6f:6e:d3:f9:cc,"15,24,6,2,9,24,9",none
pc,4e:6f:6e:c1:ca:cb,"15,24,6,2,9,24,9",none
pc,4e:6f:6e:f2:8f:11,"15,24,6,2,9,24,9,19,10",none
pc,4e:6f:6e:14:5d:ec,"15,24,6,2,9,24,9,19,10",none
mobile,41:70:70:ef:64:d5,"4,15,16",apple
pc,4e:6f:6e:d4:11:ad,"15,24,6,2,9,24,9",none
pc,4e:6f:6e:f1:53:25,"15,24,6,2,9,24,9",none
pc,4e:6f:6e:c0:ed:09,"15,24,6,2,9,24,9,19,10,8",none
pc,4e:6f:6e:6c:12:2c,"15,24,6,2,9,24,9",none
pc,4e:6f:6e:92:25:86,"15,24,6,2,9,24,9,19,10,8",none
pc,4e:6f:6e:d0:c7:ef,"15,24,6,2,9,24,9,19,10,8",none
pc,4e:6f:6e:bb:86:e2,"15,24,6,2,9,24,9,19,10",none
pc,4e:6f:6e:94:c9:2b,"15,24,6,2,9,24,9,19,10",none
pc,4e:6f:6e:48:8d:9e,"15,24,6,2,9,24,9",none
pc,4e:6f:6e:75:1d:74,"15,24,6,2,9,24,9,19,10,8",none
pc,4e:6f:6e:b5:fa:5d,"15,24,6,2,9,24,9,19,10",none
pc,4e:6f:6e:f3:23:34,"15,24,6,2,9,24,9,19,10,8,14,24",none
pc,4e:6f:6e:90:11:6a,"15,24,6,2,9,24,9,19,10,8,14,24,24,9,5,19",none
pc,4e:6f:6e:b9:d7:07,"15,24,6,2,9,24,9,19,10,8",none
pc,4e:6f:6e:cd:55:f7,"15,24,6,2,9,24,9,19,10,8",none
mobile,41:70:70:e9:7d:ac,"4,15,16",apple
pc,4e:6f:6e:86:f0:8a,"15,24,6,2,9,24,9",none
pc,4e:6f:6e:88:b1:7a,"15,24,6,2,9,24,9,19,10",none
pc,4e:6f:6e:c1:da:b4,"15,24,6,2,9,24,9,19,10",none
mobile,47:65:6e:4f:0d:ef,"16,5,23,4,20,24,8,15,24,9",generic
pc,4e:6f:6e:39:3f:cb,"15,24,6,2,9,24,9",none
mobile,47:65:6e:bd:87:0b,"16,5,23,4,20,24,8,15,24,9",generic
pc,4e:6f:6e:9a:e4:b6,"15,24,6,2,9,24,9,19,10",none
pc,4e:6f:6e:b3:84:0e,"15,24,6,2,9,24,9",none
pc,4e:6f:6e:95:d1:9e,"15,24,6,2,9,24,9",none
pc,4e:6f:6e:3e:33:74,"15,24,6,2,9,24,9,19,10,8",none
pc,4e:6f:6e:09:c0:60,"15,24,6,2,9,24,9,19,10,8",none
mobile,47:65:6e:52:6d:ff,"16,5,23,4,20,24,8,15,24,9",generic
mobile,41:70:70:3f:f0:4b,"4,15,16",apple
pc,4e:6f:6e:3b:39:45,"15,24,6,2,9,24,9,19,10,8,14,24,24,9,5,19",none
pc,4e:6f:6e:2c:f0:ba,"15,24,6,2,9,24,9,19,10,8,14,24,24,9,5,19",none
pc,4e:6f:6e:64:6f:09,"15,24,6,2,9,24,9,19,10",none
pc,4e:6f:6e:c6:96:1d,"15,24,6,2,9,24,9",none
pc,4e:6f:6e:88:ea:c6,"15,24,6,2,9,24,9,19,10,8",none
pc,4e:6f:6e:54:e4:d6,"15,24,6,2,9,24,9",none
mobile,47:65:6e:00:ad:7f,"16,5,23,4,20,24,8,15,24,9",generic
pc,4e:6f:6e:8c:d6:85,"15,24,6,2,9,24,9,19,10,8",none
pc,4e:6f:6e:b3:c9:98,"15,24,6,2,9,24,9",none
pc,4e:6f:6e:71:2c:72,"15,24,6,2,9,24,9,19,10,8",none
pc,4e:6f:6e:79:d1:99,"15,24,6,2,9,24,9,19,10,8",none
pc,4e:6f:6e:38:7d:45,"15,24,6,2,9,24,9,19,10",none
pc,4e:6f:6e:28:d7:dd,"15,24,6,2,9,24,9,19,10",none
pc,4e:6f:6e:f4:9d:e5,"15,24,6,2,9,24,9",none
pc,4e:6f:6e:af:81:5f,"15,24,6,2,9,24,9,19,10",none
other,4e:6f:6e:2e:28:1a,"15,24,6,2,9,24,9,19,10,8",none
pc,4e:6f:6e:dc:03:8f,"15,24,6,2,9,24,9",none
pc,4e:6f:6e:75:c0:17,"15,24,6,2,9,24,9,19,10",none
pc,4e:6f:6e:c4:9a:28,"15,24,6,2,9,24,9,19,10,8,14,24,24,9,5,19",none
pc,4e:6f:6e:e9:82:46,"15,24,6,2,9,24,9,19,10",none
pc,4e:6f:6e:2b:3a:89,"15,24,6,2,9,24,9,19,10,8",none
pc,4e:6f:6e:32:4a:a1,"15,24,6,2,9,24,9,19,10,8,14,24",none
pc,4e:6f:6e:b9:d3:53,"15,24,6,2,9,24,9,19,10",none
pc,4e:6f:6e:12:74:65,"15,24,6,2,9,24,9",none
pc,4e:6f:6e:29:d7:f4,"15,24,6,2,9,24,9",none
pc,4e:6f:6e:91:62:34,"15,24,6,2,9,24,9,19,10",none
pc,4e:6f:6e:a5:ff:a9,"15,24,6,2,9,24,9,19,10,8",none
other,4e:6f:6e:8c:fd:47,"15,24,6,2,9,24,9,19,10,8",none
pc,4e:6f:6e:da:d7:7a,"15,24,6,2,9,24,9",none
pc,4e:6f:6e:92:dd:84,"15,24,6,2,9,24,9",none
pc,4e:6f:6e:41:58:dd,"15,24,6,2,9,24,9,19,10",none
pc,4e:6f:6e:6c:0b:56,"15,24,6,2,9,24,9,19,10,8",none
pc,4e:6f:6e:37:4e:6a,"15,24,6,2,9,24,9,19,10,8",none
pc,4e:6f:6e:a2:e2:9d,"15,24,6,2,9,24,9,19,10",none
pc,4e:6f:6e:50:95:17,"15,24,6,2,9,24,9,19,10,8,14,24",none
pc,4e:6f:6e:b2:80:36,"15,24,6,2,9,24,9,19,10,8",none
pc,4e:6f:6e:db:54:89,"15,24,6,2,9,24,9,19,10,8",none
pc,4e:6f:6e:9c:04:b1,"15,24,6,2,9,24,9",none
pc,4e:6f:6e:2e:29:12,"15,24,6,2,9,24,9",none
pc,4e:6f:6e:a0:c0:d0,"15,24,6,2,9,24,9,19,10,8",none
pc,4e:6f:6e:ad:02:57,"15,24,6,2,9,24,9",none
pc,4e:6f:6e:bb:cf:77,"15,24,6,2,9,24,9,19,10",none
pc,4e:6f:6e:8c:e4:10,"15,24,6,2,9,24,9,19,10,8,14,24",none
pc,4e:6f:6e:43:7e:89,"15,24,6,2,9,24,9,19,10",none
pc,4e:6f:6e:c2:dc:29,"15,24,6,2,9,24,9,19,10,8,14,24,24,9,5,19",none
pc,4e:6f:6e:58:dd:b7,"15,24,6,2,9,24,9,19,10",none
pc,4e:6f:6e:a8:e7:df,"15,24,6,2,9,24,9",none
mobile,47:65:6e:82:4a:e6,"16,5,23,4,20,24,8,15,24,9",generic
pc,4e:6f:6e:5f:b6:1d,"15,24,6,2,9,24,9,19,10",none
pc,4e:6f:6e:4a:63:1a,"15,24,6,2,9,24,9,19,10,8,14,24,24,9,5,19",none
other,4e:6f:6e:1b:59:e0,"15,24,6,2,9,24,9,19,10,8",none
pc,4e:6f:6e:45:22:22,"15,24,6,2,9,24,9,19,10",none
pc,4e:6f:6e:bb:44:ec,"15,24,6,2,9,24,9,19,10",none
pc,4e:6f:6e:0c:4d:ee,"15,24,6,2,9,24,9",none
pc,4e:6f:6e:02:92:1d,"15,24,6,2,9,24,9,19,10",none
pc,4e:6f:6e:9d:7c:8d,"15,24,6,2,9,24,9,19,10,8",none
pc,4e:6f:6e:5d:99:79,"15,24,6,2,9,24,9,19,10,8,14,24",none
pc,4e:6f:6e:bf:df:79,"15,24,6,2,9,24,9,19,10,8,14,24",none
pc,4e:6f:6e:e2:f7:20,"15,24,6,2,9,24,9,19,10",none
pc,4e:6f:6e:ea:49:49,"15,24,6,2,9,24,9,19,10",none
pc,4e:6f:6e:37:45:6b,"15,24,6,2,9,24,9,19,10,8",none
pc,4e:6f:6e:70:ab:ed,"15,24,6,2,9,24,9,19,10",none
pc,4e:6f:6e:f2:d7:40,"15,24,6,2,9,24,9,19,10,8",none
pc,4e:6f:6e:81:5f:19,"15,24,6,2,9,24,9",none
pc,4e:6f:6e:b4:47:8c,"15,24,6,2,9,24,9,19,10,8,14,24",none
pc,4e:6f:6e:0c:ab:25,"15,24,6,2,9,24,9,19,10",none
pc,4e:6f:6e:37:2e:39,"15,24,6,2,9,24,9",none
pc,4e:6f:6e:84:f9:81,"15,24,6,2,9,24,9,19,10",none
other,4e:6f:6e:e0:5c:fc,"15,24,6,2,9,24,9,19,10,8",none
pc,4e:6f:6e:df:12:be,"15,24,6,2,9,24,9,19,10",none
pc,4e:6f:6e:b5:19:3c,"15,24,6,2,9,24,9",none
pc,4e:6f:6e:e7:67:29,"15,24,6,2,9,24,9",none
pc,4e:6f:6e:e0:15:46,"15,24,6,2,9,24,9,19,10,8,14,24",none
pc,4e:6f:6e:d8:2f:4f,"15,24,6,2,9,24,9",none
pc,4e:6f:6e:02:e4:95,"15,24,6,2,9,24,9",none
pc,4e:6f:6e:c7:77:4b,"15,24,6,2,9,24,9,19,10",none
pc,4e:6f:6e:0b:90:53,"15,24,6,2,9,24,9",none
pc,4e:6f:6e:8a:ed:bd,"15,24,6,2,9,24,9,19,10,8",none
pc,4e:6f:6e:9d:83:a9,"15,24,6,2,9,24,9,19,10,8",none
pc,4e:6f:6e:23:0d:98,"15,24,6,2,9,24,9,19,10",none
pc,4e:6f:6e:08:09:b0,"15,24,6,2,9,24,9",none
pc,4e:6f:6e:d1:a3:c3,"15,24,6,2,9,24,9,19,10,8",none
pc,4e:6f:6e:4f:87:81,"15,24,6,2,9,24,9",none
pc,4e:6f:6e:f0:31:c0,"15,24,6,2,9,24,9",none
pc,4e:6f:6e:aa:c5:01,"15,24,6,2,9,24,9,19,10,8,14,24",none
pc,4e:6f:6e:00:20:d4,"15,24,6,2,9,24,9,19,10,8",none
pc,4e:6f:6e:b9:f9:a7,"15,24,6,2,9,24,9,19,10",none
pc,4e:6f:6e:9d:b3:53,"15,24,6,2,9,24,9,19,10,8,14,24",none
pc,4e:6f:6e:a1:5c:f1,"15,24,6,2,9,24,9,19,10",none
pc,4e:6f:6e:74:5c:06,"15,24,6,2,9,24,9,19,10,8",none
pc,4e:6f:6e:e7:43:15,"15,24,6,2,9,24,9,19,10",none
pc,4e:6f:6e:c2:a5:ff,"15,24,6,2,9,24,9,19,10,8,14,24",none
pc,4e:6f:6e:97:24:a1,"15,24,6,2,9,24,9",none
pc,4e:6f:6e:e0:d6:c6,"15,24,6,2,9,24,9,19,10",none
pc,4e:6f:6e:b8:02:a2,"15,24,6,2,9,24,9",none
pc,4e:6f:6e:e6:dd:fe,"15,24,6,2,9,24,9,19,10,8,14,24,24,9,5,19",none
pc,4e:6f:6e:b0:4f:a1,"15,24,6,2,9,24,9,19,10",none
pc,4e:6f:6e:3f:2a:53,"15,24,6,2,9,24,9",none
pc,4e:6f:6e:2b:f3:91,"15,24,6,2,9,24,9,19,10,8",none
pc,4e:6f:6e:52:ca:e7,"15,24,6,2,9,24,9,19,10,8",none
pc,4e:6f:6e:c6:18:42,"15,24,6,2,9,24,9",none
mobile,47:65:6e:a5:28:a1,"16,5,23,4,20,24,8,15,24,9",generic
pc,4e:6f:6e:23:71:b0,"15,24,6,2,9,24,9,19,10",none
pc,4e:6f:6e:a4:a7:05,"15,24,6,2,9,24,9",none
pc,4e:6f:6e:29:8c:46,"15,24,6,2,9,24,9,19,10",none
pc,4e:6f:6e:8d:05:67,"15,24,6,2,9,24,9,19,10,8,14,24,24,9,5,19",none
pc,4e:6f:6e:17:dd:04,"15,24,6,2,9,24,9,19,10,8",none
mobile,47:65:6e:f8:b1:53,"16,5,23,4,20,24,8,15,24,9",generic
pc,4e:6f:6e:50:e2:74,"15,24,6,2,9,24,9",none
pc,4e:6f:6e:46:b7:4c,"15,24,6,2,9,24,9",none
mobile,41:70:70:fe:7b:9c,"4,15,16",apple
pc,4e:6f:6e:b5:ba:d5,"15,24,6,2,9,24,9",none
pc,4e:6f:6e:2d:c0:2a,"15,24,6,2,9,24,9,19,10,8",none
pc,4e:6f:6e:94:06:45,"15,24,6,2,9,24,9,19,10,8",none
other,4e:6f:6e:ae:df:3d,"15,24,6,2,9,24,9,19,10,8",none
pc,4e:6f:6e:1c:62:98,"15,24,6,2,9,24,9,19,10,8,14,24",none
pc,4e:6f:6e:ed:c6:9f,"15,24,6,2,9,24,9,19,10,8",none
pc,4e:6f:6e:59:c0:3e,"15,24,6,2,9,24,9,19,10",none
pc,4e:6f:6e:5b:4a:30,"15,24,6,2,9,24,9",none
pc,4e:6f:6e:53:42:88,"15,24,6,2,9,24,9,19,10",none
pc,4e:6f:6e:c9:ab:59,"15,24,6,2,9,24,9,19,10,8",none
pc,4e:6f:6e:20:09:00,"15,24,6,2,9,24,9",none
pc,4e:6f:6e:7d:3d:3f,"15,24,6,2,9,24,9,19,10,8,14,24",none
pc,4e:6f:6e:be:ac:04,"15,24,6,2,9,24,9",none
pc,4e:6f:6e:8b:4b:64,"15,24,6,2,9,24,9,19,10,8,14,24,24,9,5,19",none
pc,4e:6f:6e:18:7f:06,"15,24,6,2,9,24,9",none
mobile,47:65:6e:33:dc:fc,"16,5,23,4,20,24,8,15,24,9",generic
pc,4e:6f:6e:d7:e1:07,"15,24,6,2,9,24,9",none
pc,4e:6f:6e:88:d7:cf,"15,24,6,2,9,24,9,19,10,8,14,24",none
pc,4e:6f:6e:16:66:f9,"15,24,6,2,9,24,9",none
pc,4e:6f:6e:04:57:b0,"15,24,6,2,9,24,9,19,10",none
pc,4e:6f:6e:56:e2:62,"15,24,6,2,9,24,9,19,10",none
pc,4e:6f:6e:b5:ea:78,"15,24,6,2,9,24,9",none
pc,4e:6f:6e:4e:81:32,"15,24,6,2,9,24,9",none
other,4e:6f:6e:d4:1b:48,"15,24,6,2,9,24,9,19,10,8",none
pc,4e:6f:6e:06:0e:ab,"15,24,6,2,9,24,9",none
pc,4e:6f:6e:93:b7:b4,"15,24,6,2,9,24,9,19,10,8,14,24,24,9,5,19",none
pc,4e:6f:6e:c8:13:6b,"15,24,6,2,9,24,9,19,10",none
pc,4e:6f:6e:b2:78:01,"15,24,6,2,9,24,9,19,10",none
pc,4e:6f:6e:1b:31:03,"15,24,6,2,9,24,9,19,10",none
other,4e:6f:6e:ae:6d:61,"15,24,6,2,9,24,9,19,10,8",none
pc,4e:6f:6e:e2:fb:5c,"15,24,6,2,9,24,9,19,10",none
other,4e:6f:6e:0d:bf:3a,"15,24,6,2,9,24,9,19,10,8",none
pc,4e:6f:6e:6f:ae:20,"15,24,6,2,9,24,9,19,10",none
pc,4e:6f:6e:1c:70:00,"15,24,6,2,9,24,9,19,10",none
pc,4e:6f:6e:2d:5c:dd,"15,24,6,2,9,24,9,19,10",none
pc,4e:6f:6e:da:b2:72,"15,24,6,2,9,24,9,19,10,8,14,24,24,9,5,19",none
mobile,41:70:70:ed:3b:f4,"4,15,16",apple
pc,4e:6f:6e:c6:68:94,"15,24,6,2,9,24,9,19,10,8",none
pc,4e:6f:6e:e7:c8:b0,"15,24,6,2,9,24,9",none
pc,4e:6f:6e:bd:84:26,"15,24,6,2,9,24,9",none
pc,4e:6f:6e:bd:fa:86,"15,24,6,2,9,24,9,19,10,8,14,24",none
other,4e:6f:6e:46:e6:63,"15,24,6,2,9,24,9,19,10,8",none
mobile,47:65:6e:0f:6e:47,"16,5,23,4,20,24,8,15,24,9",generic
mobile,41:70:70:5d:75:a9,"4,15,16",apple
pc,4e:6f:6e:fa:00:f3,"15,24,6,2,9,24,9",none
mobile,47:65:6e:55:e1:64,"16,5,23,4,20,24,8,15,24,9",generic
pc,4e:6f:6e:82:fd:b8,"15,24,6,2,9,24,9,19,10,8,14,24,24,9,5,19",none
mobile,47:65:6e:07:d3:56,"16,5,23,4,20,24,8,15,24,9",generic
pc,4e:6f:6e:a2:d9:55,"15,24,6,2,9,24,9,19,10",none
pc,4e:6f:6e:47:e7:76,"15,24,6,2,9,24,9",none
pc,4e:6f:6e:41:c8:42,"15,24,6,2,9,24,9,19,10",none
pc,4e:6f:6e:83:c4:b9,"15,24,6,2,9,24,9",none
pc,4e:6f:6e:32:3d:fa,"15,24,6,2,9,24,9,19,10,8",none
pc,4e:6f:6e:28:4d:93,"15,24,6,2,9,24,9,19,10,8,14,24",none
pc,4e:6f:6e:dd:a5:81,"15,24,6,2,9,24,9",none
pc,4e:6f:6e:f1:eb:1f,"15,24,6,2,9,24,9,19,10,8",none
pc,4e:6f:6e:2e:94:9b,"15,24,6,2,9,24,9,19,10",none
pc,4e:6f:6e:ff:75:62,"15,24,6,2,9,24,9",none
pc,4e:6f:6e:a3:ee:a0,"15,24,6,2,9,24,9,19,10",none
pc,4e:6f:6e:e4:33:78,"15,24,6,2,9,24,9,19,10,8",none
pc,4e:6f:6e:ce:bf:75,"15,24,6,2,9,24,9,19,10,8,14,24,24,9,5,19",none
pc,4e:6f:6e:5b:38:40,"15,24,6,2,9,24,9,19,10,8,14,24",none
pc,4e:6f:6e:60:06:10,"15,24,6,2,9,24,9,19,10,8",none
mobile,41:70:70:28:73:f3,"4,15,16",apple
pc,4e:6f:6e:35:8d:f0,"15,24,6,2,9,24,9",none
pc,4e:6f:6e:57:e9:c0,"15,24,6,2,9,24,9",none
pc,4e:6f:6e:35:49:ef,"15,24,6,2,9,24,9,19,10,8,14,24",none
pc,4e:6f:6e:62:ab:58,"15,24,6,2,9,24,9,19,10",none
pc,4e:6f:6e:20:11:9f,"15,24,6,2,9,24,9,19,10,8,14,24",none
pc,4e:6f:6e:60:12:03,"15,24,6,2,9,24,9",none
mobile,47:65:6e:22:d2:45,"16,5,23,4,20,24,8,15,24,9",generic
pc,4e:6f:6e:65:5f:29,"15,24,6,2,9,24,9",none
pc,4e:6f:6e:62:cf:cd,"15,24,6,2,9,24,9",none
pc,4e:6f:6e:7b:ac:6e,"15,24,6,2,9,24,9,19,10,8,14,24",none
pc,4e:6f:6e:08:5d:fd,"15,24,6,2,9,24,9,19,10",none
mobile,47:65:6e:32:53:cf,"16,5,23,4,20,24,8,15,24,9",generic
pc,4e:6f:6e:68:35:7e,"15,24,6,2,9,24,9",none
mobile,41:70:70:de:8b:71,"4,15,16",apple
pc,4e:6f:6e:f9:a0:64,"15,24,6,2,9,24,9,19,10",none
pc,4e:6f:6e:f3:55:fa,"15,24,6,2,9,24,9",none
pc,4e:6f:6e:1b:5c:01,"15,24,6,2,9,24,9",none
mobile,47:65:6e:ec:c2:e6,"16,5,23,4,20,24,8,15,24,9",generic
mobile,47:65:6e:44:8b:4f,"16,5,23,4,20,24,8,15,24,9",generic
pc,4e:6f:6e:67:90:5a,"15,24,6,2,9,24,9,19,10",none
pc,4e:6f:6e:fe:33:9d,"15,24,6,2,9,24,9",none
pc,4e:6f:6e:d6:99:d2,"15,24,6,2,9,24,9,19,10,8",none
pc,4e:6f:6e:00:2f:8d,"15,24,6,2,9,24,9,19,10",none
pc,4c:47:20:20:d6:f1,"11,4,9,1,22,20,11",lg 
pc,4e:6f:6e:b1:64:df,"15,24,6,2,9,24,9,19,10,8",none
pc,4e:6f:6e:a4:e5:f6,"15,24,6,2,9,24,9,19,10",none
pc,4e:6f:6e:4d:1d:5f,"15,24,6,2,9,24,9,19,10",none
pc,4e:6f:6e:7c:d9:2b,"15,24,6,2,9,24,9,19,10,8",none
mobile,41:70:70:f7:80:b6,"4,15,16",apple
mobile,41:70:70:14:68:89,"4,15,16",apple
pc,4e:6f:6e:43:df:f7,"15,24,6,2,9,24,9,19,10,8",none
other,4e:6f:6e:4d:f1:dd,"15,24,6,2,9,24,9,19,10,8",none
pc,4e:6f:6e:50:52:26,"15,24,6,2,9,24,9",none
pc,4e:6f:6e:a9:a7:26,"15,24,6,2,9,24,9",none
mobile,47:65:6e:73:b6:84,"16,5,23,4,20,24,8,15,24,9",generic
pc,4e:6f:6e:71:10:89,"15,24,6,2,9,24,9,19,10",none
pc,4e:6f:6e:b6:42:7f,"15,24,6,2,9,24,9,19,10",none
pc,4e:6f:6e:a6:a8:17,"15,24,6,2,9,24,9,19,10,8,14,24",none
pc,4e:6f:6e:2b:52:ae,"15,24,6,2,9,24,9,19,10",none
pc,4e:6f:6e:93:86:bb,"15,24,6,2,9,24,9",none
pc,4e:6f:6e:bc:0c:3d,"15,24,6,2,9,24,9,19,10",none
other,4e:6f:6e:50:26:7c,"15,24,6,2,9,24,9,19,10,8",none
pc,4e:6f:6e:6a:2d:88,"15,24,6,2,9,24,9,19,10",none
pc,4e:6f:6e:50:b2:cd,"15,24,6,2,9,24,9",none
pc,4e:6f:6e:7e:19:c5,"15,24,6,2,9,24,9,19,10",none
mobile,41:70:70:2e:f5:38,"4,15,16",apple
pc,4e:6f:6e:5c:aa:fc,"15,24,6,2,9,24,9",none
pc,4e:6f:6e:4d:03:5e,"15,24,6,2,9,24,9,19,10",none
pc,4e:6f:6e:99:9e:98,"15,24,6,2,9,24,9",none
pc,4e:6f:6e:0f:5a:f5,"15,24,6,2,9,24,9,19,10",none
pc,4e:6f:6e:56:e6:14,"15,24,6,2,9,24,9,19,10",none
pc,4e:6f:6e:6f:79:df,"15,24,6,2,9,24,9",none
pc,4e:6f:6e:ae:c2:ea,"15,24,6,2,9,24,9,19,10",none
pc,4e:6f:6e:1d:6e:41,"15,24,6,2,9,24,9,19,10",none
pc,4e:6f:6e:39:2e:06,"15,24,6,2,9,24,9,19,10,8,14,24,24,9,5,19",none
pc,4e:6f:6e:e1:1c:0e,"15,24,6,2,9,24,9,19,10,8,14,24",none
pc,4e:6f:6e:22:14:f3,"15,24,6,2,9,24,9",none
pc,4e:6f:6e:6a:7c:63,"15,24,6,2,9,24,9,19,10",none
pc,4e:6f:6e:0b:2f:52,"15,24,6,2,9,24,9,19,10,8",none
pc,4e:6f:6e:f0:aa:c1,"15,24,6,2,9,24,9",none
pc,4e:6f:6e:9b:a1:97,"15,24,6,2,9,24,9,19,10,8,14,24",none
pc,4e:6f:6e:1f:44:64,"15,24,6,2,9,24,9",none
pc,4e:6f:6e:2b:37:f2,"15,24,6,2,9,24,9,19,10",none
pc,4e:6f:6e:cf:c5:00,"15,24,6,2,9,24,9",none
mobile,47:65:6e:16:d3:9e,"16,5,23,4,20,24,8,15,24,9",generic
pc,4e:6f:6e:c8:a7:2c,"15,24,6,2,9,24,9",none
mobile,41:70:70:18:d3:5b,"4,15,16",apple
pc,4e:6f:6e:8a:4d:19,"15,24,6,2,9,24,9,19,10",none
pc,4e:6f:6e:51:fe:57,"15,24,6,2,9,24,9,19,10,8",none
pc,4e:6f:6e:7d:98:3e,"15,24,6,2,9,24,9,19,10",none
mobile,41:70:70:8a:c3:8d,"4,15,16",apple
pc,4e:6f:6e:65:5b:fa,"15,24,6,2,9,24,9",none
pc,4e:6f:6e:f3:71:af,"15,24,6,2,9,24,9,19,10",none
pc,4e:6f:6e:a1:c7:27,"15,24,6,2,9,24,9",none
pc,4e:6f:6e:1f:87:ff,"15,24,6,2,9,24,9,19,10,8,14,24,24,9,5,19",none
pc,4e:6f:6e:e9:af:d8,"15,24,6,2,9,24,9",none
pc,4e:6f:6e:3b:22:ff,"15,24,6,2,9,24,9,19,10",none
pc,4e:6f:6e:39:92:03,"15,24,6,2,9,24,9,19,10",none
pc,4e:6f:6e:bb:28:36,"15,24,6,2,9,24,9,19,10,8",none
pc,4e:6f:6e:f7:fb:ae,"15,24,6,2,9,24,9,19,10",none
mobile,47:65:6e:db:f9:82,"16,5,23,4,20,24,8,15,24,9",generic
pc,4e:6f:6e:e2:92:5f,"15,24,6,2,9,24,9,19,10",none
pc,4e:6f:6e:da:2d:8b,"15,24,6,2,9,24,9",none
pc,4e:6f:6e:14:b9:ba,"15,24,6,2,9,24,9,19,10,8",none
pc,4e:6f:6e:aa:38:50,"15,24,6,2,9,24,9,19,10,8",none
pc,4e:6f:6e:b9:73:4c,"15,24,6,2,9,24,9,19,10,8,14,24",none
pc,4e:6f:6e:11:5c:40,"15,24,6,2,9,24,9,19,10",none
pc,4e:6f:6e:85:16:7a,"15,24,6,2,9,24,9,19,10",none
other,4e:6f:6e:98:15:5d,"15,24,6,2,9,24,9,19,10,8",none
pc,4e:6f:6e:fe:2e:a4,"15,24,6,2,9,24,9",none
mobile,41:70:70:e2:e1:d6,"4,15,16",apple
pc,4e:6f:6e:85:5b:a3,"15,24,6,2,9,24,9",none
pc,4e:6f:6e:17:00:26,"15,24,6,2,9,24,9,19,10,8",none
other,4e:6f:6e:20:08:da,"15,24,6,2,9,24,9,19,10,8",none
pc,4e:6f:6e:25:64:30,"15,24,6,2,9,24,9,19,10,8",none
mobile,41:70:70:85:ea:28,"4,15,16",apple
pc,4e:6f:6e:41:61:47,"15,24,6,2,9,24,9,19,10,8",none
pc,4e:6f:6e:9b:76:d4,"15,24,6,2,9,24,9,19,10",none
pc,4e:6f:6e:13:d3:b3,"15,24,6,2,9,24,9",none
pc,4e:6f:6e:4f:34:ad,"15,24,6,2,9,24,9,19,10",none
pc,4e:6f:6e:73:c7:77,"15,24,6,2,9,24,9",none
pc,4e:6f:6e:33:09:99,"15,24,6,2,9,24,9,19,10,8",none
mobile,41:70:70:92:e1:28,"4,15,16",apple
pc,4e:6f:6e:e8:b7:80,"15,24,6,2,9,24,9,19,10,8,14,24",none
pc,4e:6f:6e:71:2c:c9,"15,24,6,2,9,24,9,19,10,8",none
pc,4e:6f:6e:92:38:8d,"15,24,6,2,9,24,9,19,10",none
pc,4e:6f:6e:c4:ff:bc,"15,24,6,2,9,24,9,19,10",none
pc,4e:6f:6e:f0:02:0c,"15,24,6,2,9,24,9",none
pc,4e:6f:6e:0e:b8:fc,"15,24,6,2,9,24,9,19,10,8",none
pc,4e:6f:6e:26:94:1b,"15,24,6,2,9,24,9,19,10",none
pc,4e:6f:6e:c0:cd:13,"15,24,6,2,9,24,9,19,10,8,14,24",none
pc,4e:6f:6e:47:8b:ec,"15,24,6,2,9,24,9,19,10,8",none
pc,4e:6f:6e:df:8c:30,"15,24,6,2,9,24,9",none
mobile,41:70:70:b0:7d:7c,"4,15,16",apple
pc,4e:6f:6e:a7:d0:18,"15,24,6,2,9,24,9",none
other,4e:6f:6e:fa:d8:e4,"15,24,6,2,9,24,9,19,10,8",none
pc,4e:6f:6e:be:8c:bd,"15,24,6,2,9,24,9,19,10,8",none
pc,4e:6f:6e:af:af:c3,"15,24,6,2,9,24,9",none
mobile,47:65:6e:c8:9f:30,"16,5,23,4,20,24,8,15,24,9",generic
pc,4e:6f:6e:37:44:71,"15,24,6,2,9,24,9,19,10,8",none
pc,4e:6f:6e:3e:0c:4e,"15,24,6,2,9,24,9,19,10,8",none
pc,4e:6f:6e:e9:d0:1a,"15,24,6,2,9,24,9",none
pc,4e:6f:6e:c2:cf:4b,"15,24,6,2,9,24,9,19,10",none
pc,4e:6f:6e:af:21:d0,"15,24,6,2,9,24,9,19,10",none
pc,4e:6f:6e:b2:bb:a2,"15,24,6,2,9,24,9,19,10,8,14,24",none
pc,4e:6f:6e:b0:db:79,"15,24,6,2,9,24,9",none
pc,4e:6f:6e:94:5e:40,"15,24,6,2,9,24,9,19,10",none
pc,4e:6f:6e:28:1a:26,"15,24,6,2,9,24,9,19,10,8",none
pc,4e:6f:6e:45:dd:43,"15,24,6,2,9,24,9,19,10,8",none
pc,4e:6f:6e:d9:c3:c0,"15,24,6,2,9,24,9",none
pc,4e:6f:6e:d4:77:a9,"15,24,6,2,9,24,9",none
mobile,41:70:70:01:23:99,"4,15,16",apple
pc,4e:6f:6e:7d:b5:23,"15,24,6,2,9,24,9",none
pc,4e:6f:6e:53:c1:20,"15,24,6,2,9,24,9,19,10",none
pc,4e:6f:6e:e4:a5:ae,"15,24,6,2,9,24,9,19,10,8,14,24",none
pc,4e:6f:6e:69:3b:7b,"15,24,6,2,9,24,9,19,10,8,14,24,24,9,5,19",none
pc,4e:6f:6e:15:08:0e,"15,24,6,2,9,24,9",none
pc,4e:6f:6e:b8:af:93,"15,24,6,2,9,24,9,19,10,8,14,24,24,9,5,19",none
pc,4e:6f:6e:de:3c:33,"15,24,6,2,9,24,9,19,10",none
pc,4e:6f:6e:c9:36:90,"15,24,6,2,9,24,9,19,10,8,14,24,24,9,5,19",none
mobile,47:65:6e:a9:c0:71,"16,5,23,4,20,24,8,15,24,9",generic
pc,4e:6f:6e:9e:ea:3a,"15,24,6,2,9,24,9,19,10",none
pc,4e:6f:6e:f1:0b:66,"15,24,6,2,9,24,9",none
mobile,41:70:70:e2:7e:40,"4,15,16",apple
pc,4e:6f:6e:6c:17:7d,"15,24,6,2,9,24,9,19,10",none
pc,4e:6f:6e:3f:8c:67,"15,24,6,2,9,24,9",none
pc,4e:6f:6e:f0:89:8a,"15,24,6,2,9,24,9",none
mobile,41:70:70:5f:58:5a,"4,15,16",apple
pc,4e:6f:6e:63:7c:5f,"15,24,6,2,9,24,9,19,10",none
pc,4e:6f:6e:c2:6e:c3,"15,24,6,2,9,24,9",none
pc,4e:6f:6e:0f:d2:38,"15,24,6,2,9,24,9",none
pc,4e:6f:6e:c4:26:e0,"15,24,6,2,9,24,9,19,10,8,14,24",none
mobile,41:70:70:08:bd:f3,"4,15,16",apple
pc,4e:6f:6e:a4:3a:ee,"15,24,6,2,9,24,9,19,10,8",none
pc,4e:6f:6e:fb:8a:2b,"15,24,6,2,9,24,9",none
pc,4e:6f:6e:2f:18:b6,"15,24,6,2,9,24,9,19,10",none
pc,4e:6f:6e:b8:a5:0b,"15,24,6,2,9,24,9",none
pc,4e:6f:6e:6f:69:0d,"15,24,6,2,9,24,9,19,10,8",none
pc,4e:6f:6e:d5:d8:5b,"15,24,6,2,9,24,9",none
pc,4e:6f:6e:ca:cf:47,"15,24,6,2,9,24,9,19,10,8",none
pc,4e:6f:6e:6d:0a:b7,"15,24,6,2,9,24,9",none
pc,4e:6f:6e:37:6b:a2,"15,24,6,2,9,24,9,19,10,8,14,24,24,9,5,19",none
pc,4e:6f:6e:96:78:a6,"15,24,6,2,9,24,9",none
pc,4e:6f:6e:dc:09:30,"15,24,6,2,9,24,9",none
pc,4e:6f:6e:c4:c7:9b,"15,24,6,2,9,24,9,19,10",none
pc,4e:6f:6e:fd:c0:c1,"15,24,6,2,9,24,9",none
pc,4e:6f:6e:1e:a4:89,"15,24,6,2,9,24,9",none
pc,4e:6f:6e:8d:4b:8f,"15,24,6,2,9,24,9,19,10",none
pc,4e:6f:6e:48:5c:ad,"15,24,6,2,9,24,9",none
pc,4e:6f:6e:9a:a6:79,"15,24,6,2,9,24,9,19,10",none
pc,4e:6f:6e:d6:58:39,"15,24,6,2,9,24,9,19,10",none
pc,4e:6f:6e:02:4e:46,"15,24,6,2,9,24,9,19,10",none
mobile,41:70:70:55:81:67,"4,15,16",apple
pc,4e:6f:6e:a3:74:8a,"15,24,6,2,9,24,9,19,10,8",none
pc,4e:6f:6e:72:02:4d,"15,24,6,2,9,24,9",none
pc,4e:6f:6e:46:86:3c,"15,24,6,2,9,24,9,19,10,8",none
mobile,41:70:70:69:19:a5,"4,15,16",apple
pc,4e:6f:6e:83:29:ff,"15,24,6,2,9,24,9",none
pc,4e:6f:6e:1a:9c:3a,"15,24,6,2,9,24,9,19,10,8",none
pc,4e:6f:6e:4c:fc:11,"15,24,6,2,9,24,9,19,10",none
pc,4e:6f:6e:f7:94:53,"15,24,6,2,9,24,9,19,10,8",none
pc,4e:6f:6e:d5:b4:b2,"15,24,6,2,9,24,9,19,10,8,14,24,24,9,5,19",none
pc,4e:6f:6e:3c:47:0e,"15,24,6,2,9,24,9,19,10,8",none
pc,4e:6f:6e:f2:42:a6,"15,24,6,2,9,24,9,19,10,8,14,24,24,9,5,19",none
pc,4e:6f:6e:c0:ff:52,"15,24,6,2,9,24,9,19,10,8,14,24,24,9,5,19",none
pc,4e:6f:6e:23:07:61,"15,24,6,2,9,24,9,19,10,8",none
pc,4e:6f:6e:f6:8a:29,"15,24,6,2,9,24,9,19,10,8",none
pc,4e:6f:6e:ad:11:18,"15,24,6,2,9,24,9,19,10",none
pc,4e:6f:6e:5a:47:7b,"15,24,6,2,9,24,9,19,10",none
pc,4e:6f:6e:cc:41:2f,"15,24,6,2,9,24,9,19,10,8",none
pc,4e:6f:6e:ae:75:cf,"15,24,6,2,9,24,9",none
pc,4e:6f:6e:93:ae:f8,"15,24,6,2,9,24,9",none
mobile,41:70:70:1a:d2:39,"4,15,16",apple
pc,4e:6f:6e:a5:83:80,"15,24,6,2,9,24,9",none
mobile,41:70:70:0a:9b:bc,"4,15,16",apple
pc,4e:6f:6e:a3:cf:58,"15,24,6,2,9,24,9,19,10",none
pc,4e:6f:6e:17:5a:74,"15,24,6,2,9,24,9,19,10,8,14,24",none
other,4e:6f:6e:d3:d6:89,"15,24,6,2,9,24,9,19,10,8",none
pc,4e:6f:6e:77:c4:ad,"15,24,6,2,9,24,9,19,10,8,14,24",none
pc,4e:6f:6e:c0:b2:f7,"15,24,6,2,9,24,9",none
pc,4e:6f:6e:0a:5d:10,"15,24,6,2,9,24,9,19,10,8,14,24,24,9,5,19",none
pc,4e:6f:6e:6f:d4:0c,"15,24,6,2,9,24,9",none
pc,4e:6f:6e:c8:fd:80,"15,24,6,2,9,24,9,19,10",none
pc,4e:6f:6e:ff:5c:61,"15,24,6,2,9,24,9,19,10",none
pc,4e:6f:6e:a3:fb:17,"15,24,6,2,9,24,9,19,10",none
pc,4e:6f:6e:0a:1b:78,"15,24,6,2,9,24,9,19,10",none
pc,4e:6f:6e:ef:a9:8d,"15,24,6,2,9,24,9",none
pc,4e:6f:6e:8b:5a:8d,"15,24,6,2,9,24,9,19,10,8",none
mobile,41:70:70:6b:84:b5,"4,15,16",apple
other,4e:6f:6e:52:cc:36,"15,24,6,2,9,24,9,19,10,8",none
pc,4e:6f:6e:98:bd:7f,"15,24,6,2,9,24,9,19,10",none
pc,4e:6f:6e:25:27:ea,"15,24,6,2,9,24,9,19,10",none
pc,4e:6f:6e:19:37:f9,"15,24,6,2,9,24,9",none
pc,4e:6f:6e:ea:15:f1,"15,24,6,2,9,24,9,19,10,8,14,24",none
pc,4e:6f:6e:92:b7:ed,"15,24,6,2,9,24,9,19,10",none
pc,4e:6f:6e:36:02:4f,"15,24,6,2,9,24,9,19,10,8,14,24",none
mobile,41:70:70:d2:b0:0f,"4,15,16",apple
pc,4e:6f:6e:2e:14:0c,"15,24,6,2,9,24,9,19,10",none
mobile,41:70:70:e4:df:82,"4,15,16",apple
pc,4e:6f:6e:23:74:43,"15,24,6,2,9,24,9,19,10,8",none
pc,4e:6f:6e:50:ca:d4,"15,24,6,2,9,24,9,19,10,8,14,24",none
pc,4e:6f:6e:e3:fa:7d,"15,24,6,2,9,24,9,19,10,8,14,24,24,9,5,19",none
pc,4e:6f:6e:e5:ec:c8,"15,24,6,2,9,24,9,19,10",none
pc,4e:6f:6e:56:d8:68,"15,24,6,2,9,24,9,19,10",none
pc,4e:6f:6e:03:cb:ad,"15,24,6,2,9,24,9",none
pc,4e:6f:6e:0d:aa:eb,"15,24,6,2,9,24,9",none
pc,4e:6f:6e:a4:5c:c2,"15,24,6,2,9,24,9,19,10,8",none
pc,4e:6f:6e:fe:73:97,"15,24,6,2,9,24,9,19,10,8",none
pc,4e:6f:6e:b9:ac:f3,"15,24,6,2,9,24,9,19,10",none
pc,4e:6f:6e:30:c9:fd,"15,24,6,2,9,24,9",none
pc,4e:6f:6e:d8:a7:7b,"15,24,6,2,9,24,9",none
pc,4e:6f:6e:41:e1:76,"15,24,6,2,9,24,9",none
other,4e:6f:6e:3d:57:0b,"15,24,6,2,9,24,9,19,10,8",none
pc,4e:6f:6e:fd:91:e8,"15,24,6,2,9,24,9,19,10,8",none
pc,4e:6f:6e:e4:05:f3,"15,24,6,2,9,24,9,19,10,8",none
pc,4e:6f:6e:e9:9e:b5,"15,24,6,2,9,24,9,19,10",none
pc,4e:6f:6e:ea:84:38,"15,24,6,2,9,24,9",none
pc,4e:6f:6e:94:50:39,"15,24,6,2,9,24,9,19,10,8",none
pc,4e:6f:6e:e6:b0:87,"15,24,6,2,9,24,9,19,10,8",none
pc,4e:6f:6e:e2:67:ba,"15,24,6,2,9,24,9",none
pc,4e:6f:6e:6a:9c:d0,"15,24,6,2,9,24,9,19,10,8,14,24,24,9,5,19",none
pc,4e:6f:6e:8a:83:a9,"15,24,6,2,9,24,9,19,10",none
pc,4e:6f:6e:c7:e7:b8,"15,24,6,2,9,24,9,19,10",none
pc,4e:6f:6e:41:65:db,"15,24,6,2,9,24,9,19,10,8",none
mobile,47:65:6e:de:07:11,"16,5,23,4,20,24,8,15,24,9",generic
pc,4e:6f:6e:82:a3:c7,"15,24,6,2,9,24,9,19,10,8",none
pc,4e:6f:6e:b7:2f:3f,"15,24,6,2,9,24,9",none
pc,4e:6f:6e:87:d5:a7,"15,24,6,2,9,24,9,19,10",none
pc,4e:6f:6e:79:2b:f8,"15,24,6,2,9,24,9,19,10",none
pc,4e:6f:6e:e9:3b:9c,"15,24,6,2,9,24,9,19,10",none
pc,4e:6f:6e:2f:bc:66,"15,24,6,2,9,24,9",none
pc,4e:6f:6e:00:83:9e,"15,24,6,2,9,24,9",none
pc,4e:6f:6e:42:78:35,"15,24,6,2,9,24,9,19,10,8,14,24,24,9,5,19",none
pc,4e:6f:6e:24:f9:ae,"15,24,6,2,9,24,9,19,10",none
pc,4e:6f:6e:89:4e:da,"15,24,6,2,9,24,9,19,10",none
mobile,41:70:70:90:fe:35,"4,15,16",apple
pc,4e:6f:6e:de:72:d8,"15,24,6,2,9,24,9,19,10",none
pc,4e:6f:6e:80:30:94,"15,24,6,2,9,24,9",none
other,4e:6f:6e:5b:a3:fb,"15,24,6,2,9,24,9,19,10,8",none
pc,4e:6f:6e:56:a9:b8,"15,24,6,2,9,24,9,19,10,8,14,24",none
pc,4e:6f:6e:60:2b:78,"15,24,6,2,9,24,9,19,10,8",none
pc,4e:6f:6e:0a:dd:55,"15,24,6,2,9,24,9,19,10",none
pc,4e:6f:6e:9d:58:fe,"15,24,6,2,9,24,9,19,10,8",none
pc,4e:6f:6e:70:5a:af,"15,24,6,2,9,24,9,19,10,8,14,24,24,9,5,19",none
pc,4e:6f:6e:3b:f9:e2,"15,24,6,2,9,24,9,19,10,8",none
pc,4e:6f:6e:fc:fa:d4,"15,24,6,2,9,24,9,19,10,8",none
pc,4e:6f:6e:eb:1a:fe,"15,24,6,2,9,24,9",none
pc,4e:6f:6e:3d:b4:ca,"15,24,6,2,9,24,9",none
other,4e:6f:6e:4e:25:13,"15,24,6,2,9,24,9,19,10,8",none
pc,4e:6f:6e:02:ef:8c,"15,24,6,2,9,24,9,19,10,8",none
pc,4e:6f:6e:9e:6e:50,"15,24,6,2,9,24,9",none
pc,4e:6f:6e:1a:d2:5e,"15,24,6,2,9,24,9,19,10,8",none
pc,4e:6f:6e:ed:d2:29,"15,24,6,2,9,24,9",none
pc,4e:6f:6e:76:19:a1,"15,24,6,2,9,24,9,19,10",none
pc,4e:6f:6e:08:0b:20,"15,24,6,2,9,24,9,19,10",none
pc,4e:6f:6e:03:e9:7a,"15,24,6,2,9,24,9,19,10,8,14,24",none
pc,4e:6f:6e:f3:ac:21,"15,24,6,2,9,24,9",none
pc,4e:6f:6e:2d:41:2a,"15,24,6,2,9,24,9,19,10,8",none
pc,4e:6f:6e:27:54:4e,"15,24,6,2,9,24,9,19,10,8,14,24",none
pc,4e:6f:6e:78:4b:ab,"15,24,6,2,9,24,9",none
pc,4e:6f:6e:0d:15:8d,"15,24,6,2,9,24,9,19,10",none
pc,4e:6f:6e:ce:d7:e1,"15,24,6,2,9,24,9",none
pc,4e:6f:6e:31:01:33,"15,24,6,2,9,24,9,19,10",none
other,4e:6f:6e:e9:51:e6,"15,24,6,2,9,24,9,19,10,8",none
pc,4e:6f:6e:23:2e:81,"15,24,6,2,9,24,9,19,10",none
pc,4e:6f:6e:65:59:93,"15,24,6,2,9,24,9,19,10,8,14,24",none
pc,4e:6f:6e:c6:28:51,"15,24,6,2,9,24,9",none
pc,4e:6f:6e:40:f4:2f,"15,24,6,2,9,24,9",none
pc,4e:6f:6e:22:db:b7,"15,24,6,2,9,24,9,19,10",none
pc,4e:6f:6e:48:f9:62,"15,24,6,2,9,24,9,19,10",none
mobile,41:70:70:67:b4:8b,"4,15,16",apple
pc,4e:6f:6e:06:9f:9c,"15,24,6,2,9,24,9,19,10",none
pc,4e:6f:6e:99:d9:2a,"15,24,6,2,9,24,9,19,10",none
pc,4e:6f:6e:5f:5d:bb,"15,24,6,2,9,24,9,19,10",none
pc,4e:6f:6e:e3:f5:e1,"15,24,6,2,9,24,9,19,10,8",none
pc,4e:6f:6e:31:8e:08,"15,24,6,2,9,24,9,19,10,8,14,24,24,9,5,19",none
pc,4e:6f:6e:0b:3f:d7,"15,24,6,2,9,24,9",none
pc,4e:6f:6e:ef:b1:b6,"15,24,6,2,9,24,9",none
pc,4e:6f:6e:be:5a:1f,"15,24,6,2,9,24,9,19,10",none
pc,4e:6f:6e:db:a7:3f,"15,24,6,2,9,24,9,19,10,8",none
pc,4e:6f:6e:2a:93:3c,"15,24,6,2,9,24,9,19,10",none
pc,4e:6f:6e:68:7e:42,"15,24,6,2,9,24,9",none
pc,4e:6f:6e:6f:d2:a7,"15,24,6,2,9,24,9,19,10",none
pc,4e:6f:6e:02:d2:8f,"15,24,6,2,9,24,9,19,10,8,14,24",none
pc,4e:6f:6e:89:9a:7d,"15,24,6,2,9,24,9",none
pc,4e:6f:6e:26:45:83,"15,24,6,2,9,24,9,19,10",none
pc,4e:6f:6e:b2:8a:0c,"15,24,6,2,9,24,9,19,10,8",none
pc,4e:6f:6e:33:c8:68,"15,24,6,2,9,24,9",none
pc,4e:6f:6e:08:3c:3f,"15,24,6,2,9,24,9,19,10",none
pc,4e:6f:6e:17:cb:95,"15,24,6,2,9,24,9",none
pc,4e:6f:6e:83:a5:10,"15,24,6,2,9,24,9,19,10",none
pc,4e:6f:6e:72:dd:d4,"15,24,6,2,9,24,9",none
pc,4e:6f:6e:df:43:6f,"15,24,6,2,9,24,9,19,10,8,14,24",none
pc,4e:6f:6e:ac:63:44,"15,24,6,2,9,24,9",none
pc,4e:6f:6e:5b:bc:51,"15,24,6,2,9,24,9",none
pc,4e:6f:6e:e2:66:ce,"15,24,6,2,9,24,9",none
pc,4e:6f:6e:f2:70:ab,"15,24,6,2,9,24,9,19,10,8,14,24",none
pc,4e:6f:6e:ac:c4:93,"15,24,6,2,9,24,9",none
pc,4e:6f:6e:6f:35:4d,"15,24,6,2,9,24,9,19,10,8,14,24",none
pc,4e:6f:6e:cf:43:b5,"15,24,6,2,9,24,9,19,10",none
pc,4e:6f:6e:75:1c:f7,"15,24,6,2,9,24,9,19,10,8",none
pc,4e:6f:6e:bb:f5:d5,"15,24,6,2,9,24,9,19,10,8",none
pc,4e:6f:6e:c2:a5:7d,"15,24,6,2,9,24,9,19,10,8,14,24,24,9,5,19",none
pc,4e:6f:6e:cb:c8:bc,"15,24,6,2,9,24,9,19,10,8",none
pc,4e:6f:6e:15:50:6c,"15,24,6,2,9,24,9,19,10",none
pc,4e:6f:6e:86:cb:7a,"15,24,6,2,9,24,9,19,10",none
pc,4e:6f:6e:ff:e0:f5,"15,24,6,2,9,24,9,19,10,8,14,24",none
pc,4e:6f:6e:1b:e9:bc,"15,24,6,2,9,24,9",none
pc,4e:6f:6e:db:d7:0d,"15,24,6,2,9,24,9",none
pc,4e:6f:6e:c2:7e:24,"15,24,6,2,9,24,9,19,10,8",none
pc,4e:6f:6e:bb:e4:87,"15,24,6,2,9,24,9,19,10,8,14,24,24,9,5,19",none
pc,4e:6f:6e:36:60:d5,"15,24,6,2,9,24,9,19,10",none
pc,4e:6f:6e:0f:d1:15,"15,24,6,2,9,24,9,19,10,8,14,24,24,9,5,19",none
pc,4e:6f:6e:03:28:5e,"15,24,6,2,9,24,9",none
pc,4e:6f:6e:fb:24:23,"15,24,6,2,9,24,9,19,10",none
pc,4e:6f:6e:1b:86:e4,"15,24,6,2,9,24,9,19,10,8",none
pc,4e:6f:6e:ec:8b:ad,"15,24,6,2,9,24,9",none
pc,4e:6f:6e:a9:77:f1,"15,24,6,2,9,24,9",none
pc,4e:6f:6e:22:9a:e6,"15,24,6,2,9,24,9,19,10",none
pc,4e:6f:6e:b6:eb:c3,"15,24,6,2,9,24,9",none
pc,4e:6f:6e:a6:1c:64,"15,24,6,2,9,24,9,19,10",none
pc,4e:6f:6e:dd:2a:cc,"15,24,6,2,9,24,9,19,10,8,14,24",none
pc,4e:6f:6e:15:68:0b,"15,24,6,2,9,24,9,19,10,8",none
pc,4e:6f:6e:2b:90:3d,"15,24,6,2,9,24,9",none
pc,4e:6f:6e:18:35:08,"15,24,6,2,9,24,9",none
pc,4e:6f:6e:be:ae:29,"15,24,6,2,9,24,9,19,10,8,14,24,24,9,5,19",none
pc,4e:6f:6e:ac:11:05,"15,24,6,2,9,24,9,19,10,8,14,24,24,9,5,19",none
pc,4e:6f:6e:93:85:67,"15,24,6,2,9,24,9",none
pc,4e:6f:6e:b8:2f:15,"15,24,6,2,9,24,9",none
pc,4e:6f:6e:2d:e8:05,"15,24,6,2,9,24,9",none
mobile,41:70:70:8a:ec:7d,"4,15,16",apple
pc,4e:6f:6e:71:c0:df,"15,24,6,2,9,24,9,19,10,8",none
other,4e:6f:6e:9f:2e:67,"15,24,6,2,9,24,9,19,10,8",none
mobile,47:65:6e:9e:03:40,"16,5,23,4,20,24,8,15,24,9",generic
mobile,41:70:70:79:d0:65,"4,15,16",apple
pc,4e:6f:6e:ec:74:ff,"15,24,6,2,9,24,9",none
pc,4e:6f:6e:0c:d4:d0,"15,24,6,2,9,24,9,19,10,8",none
mobile,41:70:70:fb:8c:5a,"4,15,16",apple
other,4e:6f:6e:a9:19:49,"15,24,6,2,9,24,9,19,10,8",none
pc,4e:6f:6e:c6:18:2f,"15,24,6,2,9,24,9,19,10",none
mobile,41:70:70:13:4b:17,"4,15,16",apple
pc,4e:6f:6e:68:d2:1b,"15,24,6,2,9,24,9",none
mobile,41:70:70:74:3b:9b,"4,15,16",apple
other,4e:6f:6e:55:92:4b,"15,24,6,2,9,24,9,19,10,8",none
pc,4e:6f:6e:a0:66:bc,"15,24,6,2,9,24,9",none
pc,4e:6f:6e:76:aa:aa,"15,24,6,2,9,24,9,19,10,8",none
pc,4e:6f:6e:39:fa:c6,"15,24,6,2,9,24,9,19,10",none
pc,4e:6f:6e:46:0b:f8,"15,24,6,2,9,24,9,19,10,8,14,24,24,9,5,19",none
pc,4e:6f:6e:48:80:51,"15,24,6,2,9,24,9,19,10",none
pc,4e:6f:6e:12:ed:0f,"15,24,6,2,9,24,9",none
pc,4e:6f:6e:00:71:cb,"15,24,6,2,9,24,9,19,10,8,14,24",none
pc,4e:6f:6e:e1:5a:15,"15,24,6,2,9,24,9",none
pc,4e:6f:6e:65:92:c9,"15,24,6,2,9,24,9,19,10,8",none
pc,4e:6f:6e:ea:67:15,"15,24,6,2,9,24,9,19,10,8",none
pc,4e:6f:6e:30:28:ee,"15,24,6,2,9,24,9",none
pc,4e:6f:6e:e5:5f:f9,"15,24,6,2,9,24,9,19,10,8",none
pc,4e:6f:6e:30:04:e5,"15,24,6,2,9,24,9,19,10",none
pc,4e:6f:6e:f5:ca:07,"15,24,6,2,9,24,9,19,10,8,14,24",none
pc,4e:6f:6e:e8:0f:ed,"15,24,6,2,9,24,9,19,10,8",none
pc,4e:6f:6e:c2:8d:2a,"15,24,6,2,9,24,9,19,10",none
pc,4e:6f:6e:16:50:b9,"15,24,6,2,9,24,9",none
mobile,47:65:6e:5c:a8:8e,"16,5,23,4,20,24,8,15,24,9",generic
pc,4e:6f:6e:b0:fd:b4,"15,24,6,2,9,24,9,19,10,8",none
pc,4e:6f:6e:cc:75:40,"15,24,6,2,9,24,9,19,10,8",none
pc,4e:6f:6e:aa:43:44,"15,24,6,2,9,24,9,19,10,8,14,24",none
pc,4e:6f:6e:c6:97:db,"15,24,6,2,9,24,9,19,10,8",none
pc,4e:6f:6e:a7:62:52,"15,24,6,2,9,24,9,19,10,8",none
pc,4e:6f:6e:98:45:1f,"15,24,6,2,9,24,9",none
pc,4e:6f:6e:35:3f:47,"15,24,6,2,9,24,9",none
other,4e:6f:6e:9e:15:23,"15,24,6,2,9,24,9,19,10,8",none
pc,4e:6f:6e:3b:9c:f2,"15,24,6,2,9,24,9,19,10",none
pc,4e:6f:6e:ef:8f:bd,"15,24,6,2,9,24,9",none
other,4e:6f:6e:cf:c4:5d,"15,24,6,2,9,24,9,19,10,8",none
pc,4e:6f:6e:9f:bc:ed,"15,24,6,2,9,24,9",none
pc,4e:6f:6e:e8:49:51,"15,24,6,2,9,24,9",none
pc,4e:6f:6e:16:15:18,"15,24,6,2,9,24,9,19,10,8",none
pc,4e:6f:6e:4c:c4:13,"15,24,6,2,9,24,9,19,10,8",none
pc,4e:6f:6e:94:f5:b3,"15,24,6,2,9,24,9,19,10,8",none
pc,4e:6f:6e:cb:b7:15,"15,24,6,2,9,24,9,19,10,8,14,24,24,9,5,19",none
pc,4e:6f:6e:83:d4:dc,"15,24,6,2,9,24,9,19,10,8",none
pc,4e:6f:6e:22:9b:a4,"15,24,6,2,9,24,9",none
other,4e:6f:6e:86:1a:ff,"15,24,6,2,9,24,9,19,10,8",none
pc,4e:6f:6e:68:66:ac,"15,24,6,2,9,24,9",none
pc,4e:6f:6e:c0:07:dd,"15,24,6,2,9,24,9,19,10",none
pc,4e:6f:6e:5e:f7:89,"15,24,6,2,9,24,9",none
pc,4e:6f:6e:5c:4e:eb,"15,24,6,2,9,24,9",none
pc,4e:6f:6e:4d:83:36,"15,24,6,2,9,24,9,19,10,8,14,24,24,9,5,19",none
pc,4e:6f:6e:87:d5:14,"15,24,6,2,9,24,9",none
pc,4e:6f:6e:08:1f:6b,"15,24,6,2,9,24,9,19,10,8",none
pc,4e:6f:6e:17:ae:40,"15,24,6,2,9,24,9,19,10,8,14,24,24,9,5,19",none
pc,4e:6f:6e:8a:8a:4a,"15,24,6,2,9,24,9,19,10,8",none
pc,4e:6f:6e:49:97:df,"15,24,6,2,9,24,9",none
pc,4e:6f:6e:5a:34:44,"15,24,6,2,9,24,9,19,10",none
pc,4e:6f:6e:8c:8d:84,"15,24,6,2,9,24,9",none
pc,4e:6f:6e:37:ff:ad,"15,24,6,2,9,24,9",none
pc,4e:6f:6e:2e:f6:f9,"15,24,6,2,9,24,9",none
pc,4e:6f:6e:02:45:00,"15,24,6,2,9,24,9,19,10,8,14,24",none
pc,4e:6f:6e:73:41:07,"15,24,6,2,9,24,9,19,10",none
pc,4e:6f:6e:4f:34:7c,"15,24,6,2,9,24,9",none
pc,4e:6f:6e:30:16:79,"15,24,6,2,9,24,9,19,10,8",none
mobile,47:65:6e:02:ed:6a,"16,5,23,4,20,24,8,15,24,9",generic
pc,4e:6f:6e:3c:9c:77,"15,24,6,2,9,24,9,19,10,8",none
pc,4e:6f:6e:86:67:c2,"15,24,6,2,9,24,9,19,10",none
pc,4e:6f:6e:f4:60:2e,"15,24,6,2,9,24,9",none
pc,4e:6f:6e:a6:91:88,"15,24,6,2,9,24,9,19,10",none
pc,4e:6f:6e:45:b8:e7,"15,24,6,2,9,24,9,19,10",none
pc,4e:6f:6e:85:be:9c,"15,24,6,2,9,24,9,19,10,8,14,24",none
pc,4e:6f:6e:b9:a0:2e,"15,24,6,2,9,24,9,19,10,8",none
pc,4e:6f:6e:79:f6:dc,"15,24,6,2,9,24,9",none
mobile,41:70:70:44:9d:af,"4,15,16",apple
pc,4e:6f:6e:6f:f8:28,"15,24,6,2,9,24,9",none
pc,4e:6f:6e:b4:2a:a1,"15,24,6,2,9,24,9,19,10",none
pc,4e:6f:6e:f0:f2:d2,"15,24,6,2,9,24,9",none
pc,4e:6f:6e:1c:c6:08,"15,24,6,2,9,24,9,19,10,8,14,24",none
mobile,41:70:70:cf:23:60,"4,15,16",apple
pc,4e:6f:6e:29:0e:6b,"15,24,6,2,9,24,9",none
pc,4e:6f:6e:00:de:53,"15,24,6,2,9,24,9,19,10",none
pc,4e:6f:6e:0d:00:90,"15,24,6,2,9,24,9,19,10",none
pc,4e:6f:6e:17:45:d4,"15,24,6,2,9,24,9,19,10,8,14,24,24,9,5,19",none
pc,4e:6f:6e:1a:9d:82,"15,24,6,2,9,24,9",none
pc,4e:6f:6e:e8:59:b6,"15,24,6,2,9,24,9,19,10,8",none
pc,4e:6f:6e:82:2d:33,"15,24,6,2,9,24,9,19,10",none
pc,4e:6f:6e:11:06:6a,"15,24,6,2,9,24,9,19,10",none
pc,4e:6f:6e:ac:d6:78,"15,24,6,2,9,24,9",none
pc,4e:6f:6e:ea:52:1e,"15,24,6,2,9,24,9,19,10",none
pc,4e:6f:6e:c1:fc:2e,"15,24,6,2,9,24,9,19,10",none
pc,4e:6f:6e:b4:98:d3,"15,24,6,2,9,24,9,19,10",none
other,4e:6f:6e:d7:da:f4,"15,24,6,2,9,24,9,19,10,8",none
mobile,47:65:6e:b3:21:5b,"16,5,23,4,20,24,8,15,24,9",generic
mobile,41:70:70:ce:cc:d3,"4,15,16",apple
pc,4e:6f:6e:dc:a5:7b,"15,24,6,2,9,24,9",none
pc,4e:6f:6e:f2:28:f3,"15,24,6,2,9,24,9,19,10",none
mobile,41:70:70:b2:9f:40,"4,15,16",apple
pc,4e:6f:6e:83:53:81,"15,24,6,2,9,24,9,19,10",none
pc,4e:6f:6e:36:54:db,"15,24,6,2,9,24,9",none
pc,4e:6f:6e:ba:b8:2d,"15,24,6,2,9,24,9,19,10",none
pc,4e:6f:6e:ac:d2:e9,"15,24,6,2,9,24,9,19,10,8",none
pc,4e:6f:6e:c4:29:78,"15,24,6,2,9,24,9,19,10,8",none
mobile,41:70:70:28:1a:ff,"4,15,16",apple
other,4e:6f:6e:a8:52:21,"15,24,6,2,9,24,9,19,10,8",none
mobile,47:65:6e:ba:9c:f9,"16,5,23,4,20,24,8,15,24,9",generic
